exam_id,source_pdf,question_no,page,subject,question_type,question,option_a,option_b,option_c,option_d,answer,solution
NEET_2024,,1,1,Botany,mcq,Which one of the following is not a criterion for classification (Kingdom Fungi) given figures (A) and (B). of fungi? 2024,Pisum,Sesbania,Datura Morphology of Flowering Plants,Cassia Anatomy of Flowering Plants,d,
NEET_2024,,6,1,Botany,mcq,Bulliform cells are responsible for (Anatomy of Dicot & Monocot Plants),Increased photosynthesis in monocots.,Providing large spaces for storage of sugars.,Inward curling of leaves in monocots. C,Protecting the plant from salt stress. D To Discover more,c,
NEET_2024,,7,2,Botany,mcq,"In the given figure, which component has thin outer walls 12. Lecithin, a small molecular weight organic compound found (Tissue System) (Analysis of Chemical Composition) and highly thickened inner walls? in living tissues, is an example of:",Anaphase,Telophase,Prophase,Metaphase,b,
NEET_2024,,8,2,Botany,assertion_reason,"Given below are two statements: (Permanent Tissues) Statement I: Parenchyma is living but collenchyma is dead 14. Given below are two statements: (Meiosis) tissue. Statement I: Chromosomes become gradually visible under Statement II: Gymnosperms lack xylem vessels but presence of light microscope during leptotene stage. xylem vessels is the characteristic of angiosperms. Statement II: The beginning of diplotene stage is recognized by In the light of the above statements, choose the correct answer dissolution of synaptonemal complex. from the options given below:",Statement I is true but Statement II is false,Statement I is false but Statement II is true,Both Statement I and Statement II are true Cell The Unit of Life,Both Statement I and Statement II are false Photosynthesis in Higher Plants,b,
NEET_2024,,15,2,Botany,mcq,Which of the following are required for the dark reaction of (A) Nucleolus (I) Site of formation of (Where are ATP & NADPH Used?) photosynthesis? glycolipid A. Light B. Chlorophyll (B) Centriole (II) Organization like the cartwheel C. CO D. ATP 2 (C) Leucoplasts (III) Site for active ribosomal E. NADPH RNA synthesis Choose the correct answer from the options given below: (D) Golgi apparatus (IV) For storing nutrients,"A-(III), B-(IV), C-(II), D-(I)",D and E only Choose the correct answer from the options given below:,"A, B and C only","B, C and D only",b,
NEET_2024,,16,2,Botany,mcq,How many molecules of ATP and NADPH are required for,3 molecules of ATP and 3 molecules of NADPH,3 molecules of ATP and 2 molecules of NADPH,2 molecules of ATP and 3 molecules of NADPH Biomolecules,2 molecules of ATP and 2 molecules of NADPH Plant Growth and Development,a,
NEET_2024,,10,2,Botany,mcq,Inhibition of Succinic dehydrogenase enzyme by malonate is (Enzymes) a classical example of:,Competitive inhibition,Enzyme activation,Cofactor inhibition,"Feedback inhibition (Differentiation, Dedifferentiation, Redifferentiation",a,
NEET_2024,,11,2,Botany,mcq,The cofactor of the enzyme carboxypeptidase is parenchyma cells is an example for,Dedifferentiation,Maturation,Differentiation,Redifferentiation,c,
NEET_2024,,7,3,Botany,mcq,"In the given figure, which component has thin outer walls 12. Lecithin, a small molecular weight organic compound found 18. Auxin is used by gardeners to prepare weed free lawns. But",Anaphase,Telophase appears as such in F generation. 2,Prophase,Metaphase,b,
NEET_2024,,8,3,Botany,assertion_reason,"Given below are two statements: A. The flowers of Vallisneria are colourful and produce nectar. D. The discrete unit controlling a particular character is called (Permanent Tissues) Statement I: Parenchyma is living but collenchyma is dead 14. Given below are two statements: B. The flowers of waterlily are not pollinated by water. factor. (Meiosis) tissue. C. In most of water-pollinated species, the pollen grains are E. The expression of only one of the parental characters is Statement I: Chromosomes become gradually visible under Statement II: Gymnosperms lack xylem vessels but presence of protected from wetting. found in a monohybrid cross. light microscope during leptotene stage. xylem vessels is the characteristic of angiosperms. D. Pollen grains of some hydrophytes are long and ribbon like. Choose the correct answer from the options given below: Statement II: The beginning of diplotene stage is recognized by In the light of the above statements, choose the correct answer E. In some hydrophytes, the pollen grains are carried passively","Inducer, Repressor, Structural gene",Statement I is false but Statement II is true,Both Statement I and Statement II are true 24. A transcription unit in DNA is defined primarily by the three Principles of Inheritance and Variation (Transcription) Cell The Unit of Life,Both Statement I and Statement II are false regions in DNA and these are with respect to upstream and down stream end; Photosynthesis in Higher Plants,b,
NEET_2024,,15,3,Botany,mcq,Which of the following are required for the dark reaction of (A) Nucleolus (I) Site of formation of photosynt ( h W es h is e ? re are ATP & NADPH Used?) cross it?,"A-(III), B-(IV), C-(II), D-(I)","Red, Pink as well as white flowered plants Microbes in Human Welfare","A, B and C only","B, C and D only",b,
NEET_2024,,10,3,Botany,mcq,Inhibition of Succinic dehydrogenase enzyme by malonate is (Enzymes) (B) Cross of F progeny with (II) Ploidy a classical example of: 1 (D) Streptococcus sp. (IV) Cyclosporin-A homozygous recessive,"A-(III), B-(I), C-(IV), D-(II) any of the parents",Enzyme activation parent Choose the correct answer from the options given below:,Cofactor inhibition,"Feedback inhibition 17. ( F D o i r f m fe a r t e io n n t ia o t f i o in n t , e D a rf n e a d s d c i D i f c f e e u v r l e e ar l n o t c p i a a m m ti e o b n i n u t , m ) R e f d ro if m fe r f e u n ll t y i a d t e io v n el o ped (C) Cross of F 1 progeny with (III) Allele",a,
NEET_2024,,31,4,Botany,mcq,The equation of Verhulst-Pearl logistic growth is called recognition sequence and it consists of: and Life History Variation) dN K−N,Carrying capacity,Population density,Intrinsic rate of natural increase,Biotic potential,,
NEET_2024,,28,4,Botany,mcq,"What is the f(aPtrei onfc iap pleiesc oef o Bf iDotNecAh cnaorlroyginyg) a gene of interest which is transferred into an alien organism? Biodiversity and Conservation A. The piece of DNA would be able to multiply, itself independently in the progeny cells of the organism. B. It may get integrated into the genome of recipient. 32. The type of ( B c i o o n d s i e v r e v r a s ti i o ty n C in o n w se h r ic v h a t t i h o e n ) threatened species are taken out from their natural habitat and placed in special C. It may multiply and be inherited along with the host DNA. setting where they can be protected and given special care is D. The alien piece of DNA is not an integral part of chromosome. called; E. It shows ability to replicate.",B and C only,A and E only,A and B only,"D and E only 33. Tropical regions show greatest level of species richness (Biodiversity & Patterns of Biodiversity) because Biotechnology and Its Applications A. Tropical latitudes have remained relatively undisturbed for millions of years, hence more time was available for species diversification.",,
NEET_2024,,29,4,Botany,mcq,The( Bciaoptaeccihtyn otolo ggeicnaelr aAtep pal iwcahtoiloen psl iann tA fgrroimcu altnuyr ec)ell of the B. Tropical environments are more seasonal. plant is called: C. More solar energy is available in tropics.,"A, B and E only","A, B and D only","A, C, D and E only",A and B only,,
NEET_2024,,34,4,Botany,assertion_reason,"These are regarded as major causes of biodiversity loss: gene cry IAc. (Importance & Loss of Biodiversity) A. Over exploitation Statement II: Bt toxin exists as inactive protoxin in B. Co-extinction B. thuringiensis. However, after ingestion by the insect the C. Mutation inactive protoxin gets converted into active form due to D. Habitat loss and fragmentation acidic pH of the insect gut. E. Migration In the light of the above statements, choose the correct answer Choose the correct option: from the options given below:",FOAM,IUCN,GE AC,WWF,,
NEET_2024,,31,5,Botany,mcq,The equation of Verhulst-Pearl logistic growth is called recognition sequence and it consists of: and Life History Variation) Section-B dN K−N,"Linear, single stranded","Circular, single stranded In the members of Phaeophyceae,","Linear, double stranded","Circular, double stranded",,
NEET_2024,,28,5,Botany,mcq,"What is the f(aPtrei onfc iap pleiesc oef o Bf iDotNecAh cnaorlroyginyg) a gene of interest A. Asexual reproduction occurs usually by biflagellate which is transferred into an alien organism? Biodiversity and Conservation zoospores. Biomolecules A. The piece of DNA would be able to multiply, itself B. Sexual reproduction is by oogamous method only. independently in the progeny cells of the organism. C. Stored food is in the form of carbohydrates which is either B. It may get integrated into the genome of recipient. 32. The type of ( B c i o o n d s i e v r e v r a s ti i o ty n C in o n w se h r ic v h a t t i h o e n ) threatened species mannitol or laminarin. 40. Match List- ( I B w io i m th a L c i r s o t- m II o . lecules, Proteins) are taken out from their natural habitat and placed in special C. It may multiply and be inherited along with the host DNA. D. The major pigments found are chlorophyll a, c and List-I List-II setting where they can be protected and given special care is carotenoids and xanthophyll. D. The alien piece of DNA is not an integral part of chromosome. (A) GLUT-4 (I) Hormone called; E. Vegetative cells have a cellulosic wall, usually covered on E. It shows ability to replicate. (B) Insulin (II) Enzyme","A-(II) B-(III), C-(IV), D-(I)","A-(III), B-(IV), C-(I), D-(II) because","A-(IV), B-(I), C-(II), D-(III) Biotechnology and Its Applications A. Tropical latitudes have remained relatively undisturbed for 37. Match List-I with List-II. (The Flower)","A-(I), B-(II), C-(III), D-(IV) millions of years, hence more time was available for species List-I List-II diversification. Plant Growth and Development (A) Rose (I) Twisted aestivation",,
NEET_2024,,29,5,Botany,mcq,The( Bciaoptaeccihtyn otolo ggeicnaelr aAtep pal iwcahtoiloen psl iann tA fgrroimcu altnuyr ec)ell of the B. Tropical environments are more seasonal. (B) Pea (II) Perigynous flower plant is called: C. More solar energy is available in tropics. (C) Cotton (III) Drupe 41. Spraying sugarcane crop with which of the following,"A, B and E only","A-(II), B-(III), C-(IV), D-(I)","A, C, D and E only",A and B only,,
NEET_2024,,30,5,Botany,mcq,Given below are two statements:,FOAM,IUCN,GE AC,Both Statement I and Statement II are false To Discover more,,
NEET_2024,,43,6,Botany,mcq,"Identify the step ( A in e r tr o i b ca ic r b R o e x s y p li i c ra a t c io id n ) cycle, which does not",Succinyl-CoA → Succinic acid,Isocitrate → a-ketoglutaric acid,"A-(III), B-(II), C-(I), D-(IV) involve oxidation of substrate.","A-(III), B-(IV), C-(I), D-(II)",,
NEET_2024,,44,6,Botany,match,Match List-I with List-II polymerization in 5' → 3' as well as 3' → 5' direction.,"A-(III), B-(IV), C-(I), D-(II)",The DNA dependent DNA polymerase catalyses List-I List-II polymerization in 5' → 3 ' direction. (A) Citric acid cycle (I) Cytoplasm,The DNA dependent DNA polymerase catalyses (B) Glycolysis (II) Mitochondrial matrix polymerization in one direction that is 3' → 5'. (C) Electron transport (III) Intermembrane space of,"The DNA dependent RNA polymerase catalyses mitochondria polymerization in one direction, that is 5' → 3'. (D) Proton gradient (IV) Inner mitochondrial membrane Biotechnology and Its Applications Choose the correct answer from the option given below:",,
NEET_2024,,48,6,Botany,mcq,Which of the following are fused in somatic hybridization (Biotechnological Applications in Agriculture),Protoplasts,Pollens,Callus,Somatic embryos Sexual Reproduction in Flowering Plants Ecosystem,,
NEET_2024,,45,6,Botany,mcq,"Identify the correct description about the given figure: 49. In an ecosystem if the Net Primary Productivity (NPP) of (Flower and Pre-fertilisation) (Productivity) first trophic level is 100x (kcalm–2) yr–1, what would be the GPP (Gross Primary Productivity') of the third trophic level of the same ecosystem? 100x",Cleistogamous flowers showing autogamy. Biodiversity and Conservation,Compact inflorescence showing complete autogamy.,Wind pollinated plant inflorescence showing flowers with well exposed stamens.,x (kcalm–2) yr–1 10,,
NEET_2024,,46,6,Botany,mcq,Match List ( - R I e w g i u th la L ti i o st n - I o I f Gene Expression) (C) Paul Ehrlich (III) Global species diversity at about 7 million List-I List-II (D) David Tilman (IV) Rivet popper hypothesis (A) Frederick Griffith (I) Genetic code (B) Francois Jacob & (II) Semi-conservative Choose the correct answer from the options given below: Jacque mode of DNA,"A-(I), B-(III), C-(II), D-(IV) replication","A-(III), B-(IV), C-(II), D-(I) (C) Har Gobind Khorana (III) Transformation","A-(II), B-(III), C-(I), D-(IV) (D) Meselson & Stahl (IV) Lac operon","A-(III), B-(I), C-(IV), D-(II)",,
NEET_2024,,43,7,Zoology,mcq,"Identify the step ( A in e r tr o i b ca ic r b R o e x s y p li i c ra a t c io id n ) cycle, which does not",Succinyl-CoA → Succinic acid,Isocitrate → a-ketoglutaric acid Animal Kingdom,"A-(III), B-(II), C-(I), D-(IV) involve oxidation of substrate. Section-A","A-(III), B-(IV), C-(I), D-(II)",,
NEET_2024,,44,7,Zoology,match,Match List-I with List-II polymerization in 5' → 3' as well as 3' → 5' direction. A. Annelids are true coelomates,"A-(III), B-(IV), C-(I), D-(II)",D only membrane Biotechnology and Its Applications,B only (b) Involuntary - Intestine Choose the correct answer from the option given below:,A only (c) Smooth - Heart.,,
NEET_2024,,48,7,Zoology,mcq,Which of the following are fused in somatic hybridization (Biotechnological Applications in Agriculture),Protoplasts,"Pollens 52. M (C a la tc s h s L Cy is c t l - o I s w to it m h a L t i a s , t - C II h : ondrichythes, Osteichythes) (c) Cardiac - Heart.",(a) Smooth - Toes (A) Pleurobrachia (I) Mollusca Sexual Reproduction in Flowering Plants Ecosystem (b) Skeletal - Legs (B) Radula (II) Ctenophora (c) Cardiac - Heart. (C) Stomochord (III) Osteichthyes,(a) Skeletal-Triceps,,
NEET_2024,,45,7,Zoology,mcq,"Identify the ( c F o l r o r w ec e t r d a e n sc d r i P p r ti e o - n fe a r b ti o li u s t a t t h io e n g ) iven figure: 49. In an ecosystem if ( th P e r o N d e u t c t P iv ri i m ty a ) ry Productivity (NPP) of (D) Air bladder (IV) Hemichordata (b) Smooth - Stomach first trophic level is 100x (kcalm–2) yr–1, what would be the Choose the correct answer from the options given below: (c) Cardiac - Heart. GPP (Gross Primary Productivity') of the third trophic level","A-(IV), B-(I), C-(II), D-(III) List-I List-II Humboldt experiment using out door","A-(III), B-(II), C-(I), D-(IV) plots (A) Axoneme (I) Centriole",Wind pollinated plant inflorescence showing flowers with (B) Myxine (II) Saw fish well exposed stamens. 50. Match List-I with List-II. Cell: The Unit of Life (Importance & Loss of Biodiversity) (C) Pristis (III) Angel fish,Water pollinated flowers showing stamens with mucilaginous covering. List-I List-II (D) Exocoetus (IV) Flying fish (A) Robert May (I) Species-Area relationship Choose the correct answer from the options given below: 56. Match List-I ( w N it u h c l L e i u st s - I a I n : d Microbodies) Molecular Basis of Inheritance (B) Alexander von (II) Long term ecosystem,,
NEET_2024,,46,7,Zoology,mcq,Match List ( - R I e w g i u th la L ti i o st n - I o I f Gene Expression) (C) Paul Ehrlich (III) Global species diversity at,"A-(II), B-(IV), C-(I), D-(III) replication","A-(II), B-(I), C-(IV), D-(III) (C) Har Gobind Khorana (III) Transformation (Muscle Tissue & Neural Tissue)","A-(IV), B-(III), C-(II), D-(I) (D) Meselson & Stahl (IV) Lac operon","A-(IV), B-(II), C-(III), D-(I) To Discover more",,
NEET_2024,,57,8,Zoology,mcq,"M ( a P t o c l h y s L a is c t c - h I a w r i i t d h e L s, i s N t- u I c I. leic Acids & Types of Bond) 60. Match Li ( s R t- e I s w pi i r th a t L o i r s y t- V II o : lumes & Capacities) List-I List-II List-I List-II (A) Lipase (I) Peptide bond (A) Expiratory (I) Expiratory reserve capacity volume + Tidal volume + (B) Nuclease (II) Ester bond Inspiratory reserve volume (C) Protease (III) Glycosidic bond (B) Functional (II) Tidal volume + Expiratory (D) Amylase (IV) Phosphodiester bond residual capacity reserve volume Choose the correct answer from the options given below: (C) Vital capacity (III) Tidal volume + Inspiratory reserve volume","A-(II), B-(I), C-(IV), D-(III)","A-(I), B-(III), C-(II), D-(IV) Cell Cycle and Cell Division","A-(II), B-(IV), C-(I), D-(III)","A-(III), B-(II), C-(IV), D-(I)",,
NEET_2024,,61,8,Zoology,mcq,Which of the following factors are favourable for the (Exchange and Transport of Gases) B. Cytokinesis formation of oxyhaemoglobin in alveoli? C. Synthesis phase,B-D-E-A-C Body Fluids and Circulation,E-C-A-D-B,C-E-D-A-B,High pO and Lesser H+ concentration 2 below :,,
NEET_2024,,59,8,Zoology,match,Match List-I with List- ( I M I: eiosis) C. AV node List-I List-II D. Bundle branches (Sub Phases of (Specific characters) E. SA node Prophase I) Choose the correct sequence of pathway from the options given (A) Diakinesis (I) Synaptonemal complex below: formation,B-D-E-C-A,E-A-D-B-C (B) Pachytene (II) Completion of terminalisation of chiasmata,E-C-A-D-B,A-E-C-B-D (C) Zygotene (III) Chromosomes look like thin threads Excretory Products and Their Elimination (D) Leptotene (IV) Appearance of recombination nodules,,
NEET_2024,,63,8,Zoology,assertion_reason,"Given below are two statements: Choose the correct answer from the options given below; (Urine Formation, Function of Tubules) Statement I: In the nephron, the descending limb of loop of","A-(II), B-(IV), C-(I), D-(III) Henle impermeable to water and permeable to electrolytes.","A-(IV), B-(III), C-(II), D-(I) Statement II: The proximal convoluted tubule is lined by simple","A-(IV), B-(II), C-(III), D-(I) columnar brush border epithelium and increases the surface area","A-(I), B-(II), C-(IV), D-(III) for reabsorption.",,
NEET_2024,,67,9,Zoology,mcq,Which of the following is not a steroid hormone? (D) Amylase (IV) Phosphodiester bond residual capacity reserve volume (Mechanism of Hormone Action),"A-(II), B-(I), C-(IV), D-(III) joints girdle, rotational movement 68. Given below are two statements: (Female Reproductive System) Cell Cycle and Cell Division","A-(I), B-(III), C-(II), D-(IV) (C) Hinge joints (III) Skull, don't allow any Statement I : The presence or absence of hymen is not a reliable movement","A-(II), B-(IV), C-(I), D-(III) indicator of virginity. (D) Ball and socket (IV) Knee, help in locomotion","A-(III), B-(II), C-(IV), D-(I) Statement II : The hymen is torn during the first coitus only. joints",,
NEET_2024,,61,9,Zoology,mcq,Which of the following factors are favourable for the (Exchange and Transport of Gases),Low pCO and High H+ concentration D. Karyokinesis 2,Low pCO and High temperature E. Gap 1 phase 2,High pO and High pCO 2 2 Choose the correct sequence of stages from the options given,High pO and Lesser H+ concentration 69. Which of the following is not a component of Fallopian tube? 2 below :,,
NEET_2024,,65,9,Zoology,mcq,Which of ( D th is e o f r o d ll e o r w s i o n f g M ar u e s A cu u l t a o r i m an m d u S n k e e d le is t o a r l d S e y r s s? tem),B-D-E-A-C Body Fluids and Circulation A. Myasthenia gravis,E-C-A-D-B B. Rheumatoid arthritis,C-E-D-A-B C. Gout,Isthmus,,
NEET_2024,,59,9,Zoology,match,Match List-I with List- ( I M I: eiosis) below: C. AV node Reason R: Growing ovarian follicles secrete estrogen in female List-I List-II D. Bundle branches,B-D-E-C-A,A is false but R is true (B) Pachytene (II) Completion of terminalisation of chiasmata,Both A and R are true and R is the correct explanation,A-E-C-B-D,,
NEET_2024,,63,9,Zoology,assertion_reason,"Given below are two statements: balance. Choose the correct answer from the options given below; (Urine Formation, Function of Tubules) (B) Hypothalamus (II) Controls respiration and gastric 71. Given below ( a P re a r tw tu o r i s t t i a o t n em an en d t s L : a o ct n a e t i i o s n la ) belled as Assertion Statement I: In the nephron, the descending limb of loop of","A-(II), B-(IV), C-(I), D-(III) secretions. A and the other is labelled as Reason R : Henle impermeable to water and permeable to electrolytes.","A-(IV), B-(III), C-(II), D-(I) (C) Medulla (III) Connects different regions of Assertion A: Breast-feeding during initial period of infant Statement II: The proximal convoluted tubule is lined by simple the brain. growth is recommended by doctors for bringing a healthy baby.","A-(IV), B-(II), C-(III), D-(I) columnar brush border epithelium and increases the surface area (D) Cerebellum (IV) Neuro secretory cells Reason R : Colostrum contains several antibodies absolutely","A-(I), B-(II), C-(IV), D-(III) for reabsorption. essential to develop resistance for the new born baby. To Discover more",,
NEET_2024,,75,10,Zoology,mcq,Which one is the correct product of DNA dependent RNA,5'AUGUACCGUUUAUAGGGAAGU3',5'ATGTACCGTTTATAGGTAAGT3' explanation of A.,5'AUGUACCGUUUAUAGGUAAGU3',5'AUGUAAAGUUUAUAGGUAAGU3' Reproductive Health Evolution,,
NEET_2024,,76,10,Zoology,mcq,The flippers of the Penguins and Dolphins are the example of List-I List-II (Evidences of Evolution) the (A) Non-medicated IUD (I) Multiload 375,"A-(IV), B-(I), C-(II), D-(III)","A-(III), B-(I), C-(IV), D-(II)","A-(III), B-(I), C-(II), D-(IV)","A-(I), B-(III), C-(IV), D-(II) 78. Given below are ( s H o u m m e a s n ta E g v es o l o u f t i h o u n m ) an evolution. Arrange them in correct sequence. (Past to Recent)",,
NEET_2024,,73,10,Zoology,mcq,Which of the following is not a natural/traditional A. Homo habilis contraceptive method? B. Homo sapiens,C-B-D-A,A-D-C-B,D-A-C-B,B-A-D-C Principles of Inheritance and Variation Human Health and Diseases,,
NEET_2024,,74,10,Zoology,match,Match List-I with( GLeisnt-eItIi:c Disorders) List-I List-II 79. Match List-I with List-II: (Common Diseases in Humans) (A) Down’s syndrome (I) 11th chromosome List-I List-II (B) a-Thalassemia (II) ‘X’ chromosome (A) Typhoid (I) Fungus (B) Leishmaniasis (II) Nematode (C) b-Thalassemia (III) 21st chromosome (C) Ringworm (III) Protozoa (D) Klinefelter’s syndrome (IV) 16th chromosome (D) Filariasis (IV) Bacteria Choose the correct answer from the options given below: Choose the correct answer from the options given below:,"A-(III), B-(I), C-(IV), D-(II)","A-(II), B-(IV), C-(III), D-(I)","A-(I), B-(III), C-(II), D-(IV)","A-(IV), B-(III), C-(I), D-(II)",,
NEET_2024,,72,11,Zoology,match,Match List-I with List-II:,"A-(II), B-(I), C-(III), D-(IV) system and foam control system.","A-(III), B-(IV), C-(I), D-(II)","A-(IV), B-(III), C-(I), D-(II) achieving the desired product.",Most commonly used bio-reactors are of stirring type. them in correct sequence. (Past to Recent),,
NEET_2024,,73,11,Zoology,mcq,Which of the following is not a natural/traditional A. Homo habilis Biotechnology: Principles and Processes Biotechnology and Its Applications contraceptive method? B. Homo sapiens,C-B-D-A,A-D-C-B Pvu I (B) Cry IAb (II) ADA deficiency,D-A-C-B,B-A-D-C Principles of Inheritance and Variation BamH I Pst I (C) Cry IAc (III) Emphysema Human Health and Diseases (D) Enzyme replacement (IV) Corn borer therapy,,
NEET_2024,,74,11,Zoology,match,Match List-I with( GLeisnt-eItIi:c Disorders) pBR322 Sal I Choose the correct answer from the options given below : List-I List-II 79. Match List- ( I C w om ith m L o i n st - D II is : eases in Humans) X,"A-(III), B-(I), C-(IV), D-(II)","A-(II), B-(IV), C-(III), D-(I)","A-(I), B-(III), C-(II), D-(IV)","A-(IV), B-(III), C-(I), D-(II) To Discover more",,
NEET_2024,,89,12,Zoology,assertion_reason,"Given below are two statements: Choose the most appropriate answer from the options given (Mitochondria, Plastids, Ribosomes) below: Statement I: Mitochondria and chloroplasts are both double membrane bound organelles.",Statement I is correct but Statement II is incorrect.,"B, C & D only Statement II: Inner membrane of mitochondria is relatively less",A & C only,"A, B & D only permeable, as compared to chloroplast. Structural Organisation in Animals In the light of the above statements, choose the most appropriate answer from the options given below:",,
NEET_2024,,87,12,Zoology,mcq,Match List(-EI pwitithhe Lliaislt -&II C:onnective Tissue),"B, A, C, D, E","E, D, C, B, A","E, A, D, C, B","A, E, B, D, C",,
NEET_2024,,95,13,Zoology,mcq,"Identify the correct option (A), (B), (C), (D) with respect to","A-(IV), B-(III), C-(II), D-I LH (A)","A-(III), B-(II), C-(IV), D-I","A-(I), B-(III), C-(IV), D-(II) (Gametogenesis) Section-B spermatogenesis.","A-(III), B-(II), C-(IV), D-(I) GnRH Animal Kingdom Choose the correct answer from the options given below: Excretory Products and Their Elimination",,
NEET_2024,,86,13,Zoology,mcq,The following are the statements about non-chordates: 92. Choose the correct statement given below regarding juxta ↓ ↓ (Hemichordata and Chordata),Statement I is correct but Statement II is incorrect.,"B, C & D only Statement II: Inner membrane of mitochondria is relatively less outer portion of the renal medulla.",A & C only,"ICSH, Interstitial cells, Leydig cells, spermiogenesis. Neural Control and Coordination Structural Organisation in Animals In the light of the above statements, choose the most appropriate Principles of Inheritance and Variation answer from the options given below:",,
NEET_2024,,91,13,Zoology,match,"Match List-I with List-II: (C) Cushing's (III) Hyper secretion of thyroid (B) Termination of (II) Promotor storing of food. (Circulatory Pathways) syndrome hormone and protruding eye transcription (B) Ring of 6-8 blind tubules (II) Gastric Caeca List-I List-II balls. (C) Splicing of Exons (III) Rho factor at junction of foregut (A) P wave (I) Heart muscles are (D) Cretinism (IV) Excessive secretion of growth and midgut. (D) TATA box (IV) SnRNAs, tRNA electrically silent. hormone (C) Ring of 100-150 yellow (III) Malpighian tubules (B) QRS complex (II) Depolarisation of Choose the correct answer from the options given below: Choose the correct answer from the options given below: coloured thin filaments at junction of midgut ventricles.","A-(III), B-(IV), C-(I), D-(II) and hindgut. (C) T wave (III) Depolarisation of atria.","A-(IV), B-(III), C-(I), D-(II) (D) The structures used for (IV) Crop (D) T-P gap (IV) Repolarisation of","A-(II), B-(IV), C-(I), D-(III) grinding the food ventricles.","A-(III), B-(II), C-(IV), D-(I) To Discover more",,
NEET_2024,,98,14,Zoology,match,Match List-I with List-II: (Brief Account of Evolution),"A-(I), B-(II), C-(IV), D-(III) Statement I: Gause’s competitive exclusion principle states that","A-(III), B-(I), C-(IV), D-(II) two closely related species competing for different resources","A-(II), B-(I), C-(III), D-(IV) cannot exists indefinitely.","A-(III), B-(I), C-(II), D-(IV) Statement II: According to Gause's principle during competition, the inferior will be eliminated. This may be true if Human Health and Diseases resources are limiting. In the light of the above statements, choose correct answer from",,
NEET_2024,,99,14,Zoology,assertion_reason,Given below are two ( s I t m ate m m u e n n i t t s y : ) the options given below: Statement I: Bone marrow is the main lymphoid organ where,Statement I is true but Statement II is false. all blood cells including lymphocytes are produced.,Statement I is false but Statement II is true. Statement II: Both bone marrow and thymus provide,Both Statement I and Statement II are true. micro environments for the development and maturation of T-lymphocytes.,Both Statement I and Statement II are false.,,
NEET_2024,,99,15,Zoology,assertion_reason,Given below are two ( s I t m ate m m u e n n i t t s y : ) the options given below: Statement I: Bone marrow is the main lymphoid organ where Explanations,Statement I is true but Statement II is false. all blood cells including lymphocytes are produced.,Statement I is false but Statement II is true. Statement II: Both bone marrow and thymus provide,"Both Statement I and Statement II are true. 1. (d) The morphology of the mycelium, mode of spore 7. (c) In the given figure of stomata with bean shaped guard micro environments for the development and maturation of formation and fruiting bodies form the basis for the division cells, A-Epidermal cells, B-Subsidiary cells, C-Guard cells, T-lymphocytes.",Both Statement I and Statement II are false. of the kingdom fungi into various classes. All fungi derive D-Stomatal pore. their nutrition through heterotrophic mode of nutrition. The outer walls of guard cells (away from the stomatal pore) are thin and the inner walls (towards the stomatal pore) are,,
